date,ADA,BNB,BTC,DOGE,ETH,SOL,SUI,USDC,USDT,XRP
2024-03-18,-0.03011163337250289,-0.027851203501094046,-0.011043897815311787,-0.06939040207522706,-0.03330944280139836,-0.028657841241509274,-0.06111111111111123,-9.999999999998899e-05,0.0005002501250623848,0.04298642533936636
2024-03-19,-0.11222171740118114,-0.08630748730507443,-0.0840921031145947,-0.10313588850174205,-0.10279492431064308,-0.13271400132714006,0.08349769888231418,0.00010001000100001711,-0.00019999999999997797,-0.09420514409668412
2024-03-20,0.0914363698396452,0.09727833507420036,0.09581548484739866,0.18181818181818188,0.11341675004115959,0.12953916779471486,0.0649271844660193,0.0,0.0002000400080015563,0.04533014026684912
2024-03-21,-0.012816505157861813,-0.00554986798857704,-0.03483899300443727,0.021696252465483123,-0.006989586710116957,-0.06502709462275946,0.04216524216524231,0.0,-9.999999999998899e-05,0.04794632629684181
2024-03-22,-0.026599113362888005,0.0005779511631267553,-0.025593946976496196,-0.01608751608751613,-0.04438615381090927,-0.023796255015604117,-0.05303444505194099,0.0,0.00010001000100001711,-0.04481574016239842
2024-03-23,0.013500325309043548,-0.003880866425992724,0.0029369921708937152,0.05886200130804431,-0.001974780346890137,-0.01398641319860705,-0.050230946882217076,0.0,0.0,0.008337420304070697
2024-03-24,0.03771465254373285,0.028866539820603387,0.05005763664446938,0.09017912291537988,0.03721974844542397,0.0640921723019916,0.020668693009118666,0.0,0.0,0.025453955901426628
2024-03-25,0.01546551190844414,0.034009651625629855,0.039934484311691554,-0.0067988668555239995,0.03951714455267852,0.028401980521246983,0.014889815366289305,-9.999999999998899e-05,0.0,0.012806324110671952
2024-03-26,0.01279317697228155,-0.011582551227239501,0.001401585812220274,0.03993154592127768,-0.0009356829371532926,0.007724459023332075,0.10680751173708924,0.00010001000100001711,0.0,-0.01373712144864181
2024-03-27,-0.026165413533834725,-0.010822175119336808,-0.007940537978020301,0.04388370817334075,-0.024481547552681393,-0.022260723473512933,0.10127253446447515,0.0,-0.0004999999999999449,-0.03213042101930985
2024-03-28,0.005250154416306385,0.016445706520792358,0.019516389988486926,0.1560693641618498,0.017524008720573025,0.018471782204800613,-0.025999037072700903,-9.999999999998899e-05,0.0005002501250623848,0.02142273098937042
2024-03-29,0.020737327188939947,0.05050989802039574,-0.012513849144725753,-0.03136363636363626,-0.013931088708545203,0.01328623398534301,-0.05882352941176483,0.00010001000100001711,0.0009999999999998899,0.009446045469100106
2024-03-30,-0.031000752445447644,-0.01948051948051943,-0.0039158144945647955,-0.0652275926794933,-0.0011191830248696855,0.01087465528903686,-0.012079831932773066,0.0,0.0,-0.013957176843774621
2024-03-31,0.00947352073303298,0.009917135345602235,0.024169470654814118,0.10441767068273089,0.03946333063440122,0.04194976322833033,0.01754385964912286,0.0,-0.0009990009990008542,0.012063696316551242
2024-04-01,-0.043538461538461526,-0.05058160608956408,-0.022808492880181275,-0.06727272727272726,-0.03852462163807813,-0.049794990861038446,0.014629049111807735,0.0,0.0,-0.028607755880483143
2024-04-02,-0.06578735724626028,-0.04317645425517147,-0.06055072175520115,-0.11062378167641329,-0.06450398229078702,-0.056303613205094805,-0.10710607621009272,-0.00019999999999997797,0.0,-0.042048429319371694
2024-04-03,-0.01980027548209362,0.018953134068484978,0.007932263692090658,-0.03945205479452041,0.01001402695615039,0.019942706037902047,-0.03806228373702425,0.0002000400080015563,0.0,-0.018958155422715617
2024-04-04,0.02459160372387137,0.042719068724301756,0.03845779058653398,0.02738163148887618,0.0051113445885564435,-0.005671383817651421,0.00959232613908867,0.0,0.0,0.033600278551531915
2024-04-05,-0.015600891479513157,-0.012802785886208867,-0.009679266135162568,-0.015546918378678498,-0.0030187704442850016,-0.05231136943886139,-0.0451306413301662,0.0,0.0009999999999998899,-0.010948290382347903
2024-04-06,0.016544757924068287,0.012778613546368112,0.01552095157523814,0.04794134235758585,0.010026754079394573,0.024532844204975257,0.010572139303482553,-9.999999999998899e-05,-0.0009990009990008542,0.010047683923705586
2024-04-07,0.008908685968819663,-0.003397643844971876,0.00643601229884494,0.06996770721205614,0.030261901921011747,0.004363880496810912,0.0104615384615383,0.00010001000100001711,0.0,0.002360478839993352
2024-04-08,0.04245202920699609,0.004420003083722923,0.032758474520065084,0.019114688128772706,0.0697337753521432,0.006517379679144231,0.04202192448233877,0.0,0.0,0.033978132884777024
2024-04-09,-0.03713959928327093,-0.010148561292193214,-0.034900214102150384,-0.06663376110562691,-0.05138982867350528,-0.046322430682384175,-0.08007013442431332,0.0,-0.00019999999999997797,-0.0014641288433382416
2024-04-10,-0.008289629504313778,0.050780576903194596,0.02168481521920884,0.056583818085669035,0.01162110573123365,0.005977251624883939,-0.033672172808132284,-9.999999999998899e-05,0.0002000400080015563,0.005702183121537807
2024-04-11,-0.0006823609689526888,-0.008412456338859675,-0.008525024020034966,-0.03003003003003002,-0.011944516522072623,-0.005307182001730526,-0.01972386587771191,0.00010001000100001711,0.0,-0.013931637777417682
2024-04-12,-0.14134516899965854,-0.014520076734801823,-0.040957821211219714,-0.10010319917440658,-0.0753851467653952,-0.11100156585280996,-0.16834339369550644,0.0,0.0009999999999998899,-0.10070642352554626
2024-04-13,-0.11391650099403583,-0.07024668568551773,-0.04670963976157827,-0.12442660550458717,-0.07026908543061072,-0.09641855306934566,-0.14193548387096766,0.0,0.0009990009990010762,-0.12367555717939349
2024-04-14,0.05048238725600185,0.023572305248718672,0.027245281887170236,0.06286836935166984,0.048729707024051105,0.09342285755541124,0.12781954887218028,0.0009999999999998899,0.0,0.050239733166562495
2024-04-15,-0.015164459632635574,-0.025074942690883506,-0.0352519948106641,-0.0067775723967959944,-0.01749697618308821,-0.08491251238032349,-0.02416666666666656,-0.0009990009990008542,-0.001996007984031989,-0.011710996427153675
2024-04-16,-0.005421817393190254,-0.02694979018955279,0.005948719306599015,-0.03163771712158825,-0.005665485014502036,-0.01674002453279455,0.04611443210930832,0.0,0.0,-0.0022092789716809946
2024-04-17,-0.03139991277802012,-0.0072307520725677366,-0.03981154631357453,-0.05445227418321574,-0.03250772990387052,-0.03214207088867704,0.027755102040816215,0.0,0.0,-0.0032206119162642155
2024-04-18,0.03174245835209355,0.03407665374749569,0.03634667205363118,0.03184281842818426,0.02699053974379595,0.0774129956782168,-0.001588562351072298,0.0,0.0009999999999998899,0.01575121163166404
2024-04-19,0.02181976871045177,0.004037733799272081,0.00530709544143404,0.02692055154300732,-0.0025247171109930022,0.0030260380014075494,0.061256961018297584,0.0,0.0,0.0005964214711728921
2024-04-20,0.08327994875080069,0.03026040539565744,0.017713090380223395,0.0402813299232736,0.03240406154449871,0.06139058443836376,0.0712143928035982,0.0,0.0,0.05126167295847406
2024-04-21,-0.01596688350088704,0.014983371258533218,-0.0003599612860790691,-0.027658266748617155,-0.002828598940779914,-0.016525647805394006,-0.03988803358992299,0.0,-0.0009990009990008542,-0.008505008505008571
2024-04-22,0.03565705128205132,0.043062118442382724,0.029226326447730155,0.01959544879898867,0.01697526452379372,0.05545100147869331,0.0160349854227404,0.0,0.0009999999999998899,0.06023637056805198
2024-04-23,-0.03288201160541593,0.0022154985698459306,-0.00656921685146683,-0.00929944203347799,0.005694116912120739,-0.01496529325606566,-0.04878048780487798,-9.999999999998899e-05,-0.0009990009990008542,-0.02085580726357439
2024-04-24,-0.050799999999999956,0.003975782371282044,-0.03238888890561875,-0.05319148936170215,-0.02505761263191908,-0.04499612102404971,-0.05731523378582204,0.00010001000100001711,-0.00039999999999995595,-0.031950055086301776
2024-04-25,-0.008638853771597232,0.0073121035853953575,0.0034940273668206956,0.0,0.005214870504284708,-0.0194286487950176,-0.02080000000000004,0.0,0.0002000800320127727,-0.003603945371775441
2024-04-26,-0.016365568544101983,-0.024957995530398125,-0.011441731695066792,-0.022471910112359494,-0.008049514018513726,-0.039282015878495,-0.040849673202614456,0.0,-0.0002000400080015563,0.0009518370454979497
2024-04-27,0.00929127052722567,-0.00344637210780796,-0.0049597941228187725,-0.0013522650439486972,0.0393473628385308,0.01487496407013511,0.03151618398637157,0.0,0.0,-0.015214910612400212
2024-04-28,-0.015842432027403208,0.007269125522521014,-0.005093447660293182,-0.00677048070413,0.0028279586749169194,-0.023082914394958465,0.004954582989264988,0.0,0.00010004001600649737,-0.014484356894553962
2024-04-29,-0.005873395692843064,-0.012166666666666548,0.011665098538551133,-0.02249488752556239,-0.014314483375888476,-0.0016670290642892827,-0.02054231717337729,0.0,0.0,0.009014305310601767
2024-04-30,-0.03522975929978123,-0.024768010798042916,-0.050331931347707415,-0.0704323570432357,-0.06352212405892288,-0.08029621025119793,-0.041107382550335525,0.0,-0.00040012003601086477,-0.028743445329190154
2024-05-01,0.019505556815604397,-0.029479948790699262,-0.03886484754338204,-0.02400600150037513,-0.014159245017366984,0.06165140511525102,0.002624671916010346,0.0,-0.0006004202942059278,0.03359328134373141
2024-05-02,0.018464961067853114,-0.000909123319904448,0.01383743005869853,0.013835511145272816,0.00592491292836872,0.023273105807123162,-0.02094240837696315,0.0,0.0013016921998598718,0.002321532211259303
2024-05-03,0.021188291830493755,0.04815601191856844,0.06488405884179849,0.10765731614859764,0.039298020030739345,0.044397616625490466,-0.0089126559714795,0.0,0.0009999999999998899,0.026635784597568213
2024-05-04,-0.009197860962566917,-0.002910836482484025,0.01568817553794699,0.09582477754962349,0.004430096302238784,0.016141376191470158,-0.01888489208633104,0.0,-0.0009990009990008542,-0.003008084226358454
2024-05-05,-0.011010362694300557,0.010926163038839087,0.002081073777108866,0.0056214865708932304,0.006277425646026291,-0.0021910304690175852,0.004582951420714965,0.0,0.0,-0.0011314350367717108
2024-05-06,-0.008950010914647422,-0.006738157561428704,-0.013571110677337406,-0.02795031055900621,-0.023556863207622403,0.04865161600219592,-0.0027372262773723843,0.0,0.0,0.019822541060978027
2024-05-07,-0.02753303964757714,-0.019620511425462395,-0.013378199619936804,-0.04153354632587858,-0.018699460366480736,-0.03134406491296948,-0.011893870082342106,0.0,0.0,-0.028878193261755003
2024-05-08,0.02287655719139292,0.020151919808539365,-0.018348657710367422,-0.04533333333333334,-0.010845301422863551,-0.03972167803823545,-0.06481481481481488,0.0,-0.00029999999999996696,-0.014677849790316277
2024-05-09,0.026350752878653738,0.014398884808921597,0.031013009030266714,0.0628491620111733,0.021060703391170055,0.07330284910306006,0.015841584158415856,0.0,0.00030009002700803755,0.007544979686593178
2024-05-10,-0.03387270765911554,-0.018618759531430662,-0.036247023091393715,-0.05453350854139294,-0.041618219128899514,-0.042865569902339806,-0.01754385964912286,0.0,-9.999999999998899e-05,-0.03571428571428581
2024-05-11,-0.020544886109870486,0.011014344262294973,0.0005324817135219373,-0.006254343293954245,0.0007698705655112548,-0.0045196192563171644,-0.013988095238095188,0.0,0.0,0.007367582636399916
2024-05-12,-0.0020519835841313894,0.004138164006418421,0.010457031273762407,-0.012587412587412583,0.005546359321661143,-0.013620416867304197,0.010161988127578292,0.0,-0.00020002000200014525,-0.013243724056137607
2024-05-13,-0.0025131368517249397,-0.004726661059713977,0.023968250817371306,0.05240793201133154,0.007578629562461359,0.028453867075807437,-0.035059760956175356,0.0,0.00020006001800543238,0.011818910256410353
2024-05-14,-0.019468621163536426,-0.04206594669506003,-0.021988870896005763,-0.021534320323014833,-0.023564823602787666,-0.03729572116362645,-0.07493806771263423,0.0,-0.0003000300030002734,-0.010294991090873062
2024-05-15,0.05746320953048345,0.025705716302046655,0.07630862695553153,0.06877579092159558,0.05305071095312153,0.11692611115024287,0.10711894666369104,0.0,0.0014005602240894088,0.038607721544308804
2024-05-16,0.015683675723437096,-0.020744104442953826,-0.015014379918472653,-0.03667953667953672,-0.029105378017181716,0.004855899602699276,0.03305785123966931,0.0,-0.0009990009990008542,-0.006548536209553091
2024-05-17,0.04893431926924752,0.020884930881242436,0.02759854977423193,0.0394121576486306,0.05034344367218191,0.06376302246767906,0.049756097560975876,0.0,0.0,0.015122140364482117
2024-05-18,0.0,-0.0013764624913972234,-0.0018461969818655,-0.01606683804627229,0.009788455570497456,0.017522123893805253,0.005576208178438735,0.0,0.0,-0.004392666157371994
2024-05-19,-0.031308314327182285,-0.010199862164024687,-0.009851098710307093,-0.026126714565643416,-0.016979754907610167,-0.01466921783498576,-0.050831792975970624,0.0,-9.999999999998899e-05,-0.022443890274314038
2024-05-20,0.07448630136986312,0.04395279209023806,0.07789522131639193,0.11200536552649232,0.19243294644834363,0.09891726491702957,0.1168451801363195,-0.00019999999999997797,0.0,0.055141287284144136
2024-05-21,-0.014940239043824688,0.031180697980757843,-0.01804642096210518,0.026537997587454676,0.03489750326361851,-0.04605087014725562,-0.005231037489102031,0.0002000400080015563,-0.00010001000100012813,-0.0013018411753764614
2024-05-22,-0.022851365015166825,-0.006791391103277533,-0.014508027168637194,-0.023501762632197387,-0.013994447611206162,-0.007241088969969112,-0.03155127081507447,-9.999999999998899e-05,-0.0004000800160032236,-0.01936685288640605
2024-05-23,-0.03642384105960261,-0.02539765234521274,-0.01703051752542828,-0.03971119133574008,0.012118843892268583,-0.004353726111048339,-0.02624434389140262,0.00010001000100001711,0.00010006003602169855,0.0037979491074819904
2024-05-24,-0.012027491408934665,0.0026393598717071587,0.008859637051879865,0.026315789473684292,-0.014403917907981012,-0.04764609006757914,-0.0074349442379182396,0.0,0.00040020010005004103,0.013620885357548351
2024-05-25,0.004347826086956497,0.0035320970993486522,0.010804347822915616,0.061660561660561664,0.00592679641762861,0.0037567084078713453,-0.004681647940074973,0.0,0.00010001000100001711,0.010824934677118092
2024-05-26,-0.008658008658008698,-0.0038185048063354987,-0.011555377877713546,-0.04485336400230022,0.020033446867756988,-0.03011940830511506,-0.02069614299153344,0.0,-0.0004999999999999449,-0.025110782865583325
2024-05-27,0.02205240174672496,0.005599720013999221,0.01311961504660153,0.01685731487055997,0.017498444175988448,0.04134509371554573,0.03170028818443815,0.0,-0.00020010005002513154,0.010606060606060508
2024-05-28,-0.023285622730185862,-0.003679212449659519,-0.015218882315275128,-0.024274718768502068,-0.013072886417253127,-0.008705370272336865,-0.04189944134078227,0.0,-0.0003002101471029084,-0.009932533733133408
2024-05-29,-0.014216972878390188,-0.0103464910091986,-0.011034988008342905,-0.006674757281553312,-0.02035470355875313,-0.002492137898296942,-0.012633624878522709,0.0,-0.00010010010010008674,-0.009842892296043848
2024-05-30,-0.009540714444197795,0.0,0.011385266632147895,-0.026267562614538997,-0.0040534577988528,-0.007435607637856112,-0.002952755905511917,0.0,0.0010011012113324558,-0.008602561651691931
2024-05-31,0.00044802867383508804,-0.0028741911084966265,-0.012640646098926678,-0.0031367628607275044,0.0031171853524314397,-0.008030684406089006,0.008884501480750373,0.0,-0.000800080008000803,-0.002892402622444945
2024-06-01,0.006493506493506551,0.01358640685051582,0.0035468586183775574,0.008181246066708558,0.014409428917297351,0.0028395360077331233,0.0009784735812132794,0.0,0.0001000900810730343,0.0025140204989362314
2024-06-02,-0.007341490545050067,0.002278396806918437,0.00025309502433490394,-0.019350811485643105,-0.008851739268413539,-0.017772154949093455,-0.0058651026392961825,0.0,0.00030024019215391107,-0.009645061728395077
2024-06-03,0.024876736889287265,0.03905951847611466,0.015661053039959016,0.007638446849140612,-0.0033712087132778956,0.011346908734052974,0.02163225172074723,0.0,0.00040020010005004103,0.012660693416439495
2024-06-04,0.009403017712661388,0.09515977068395576,0.025420351281111975,0.019583070120025248,0.011791350708383774,0.041967372187519114,0.014436958614052031,0.0,0.00010001000100001711,0.011348336218503619
2024-06-05,-0.0004332755632583396,0.0190580344123652,0.008067782012688873,0.01115241635687747,0.014624494519422715,0.010243874046912183,0.04743833017077792,0.0,0.0,0.00019018638265499987
2024-06-06,-0.007152145643693042,0.016712693347832763,-0.004855754574671023,-0.01899509803921584,-0.014072303864516855,-0.02016477501872449,0.008152173913043459,0.0,-0.00039999999999995595,-0.008556759840273931
2024-06-07,-0.019428072473259173,-0.03782985011610729,-0.020372928128004952,-0.07432854465958771,-0.03548222085229735,-0.04462868230728523,-0.02875112309074579,0.0,0.00010004001600649737,-0.043153049482163364
2024-06-08,-0.027604630454140633,-0.0016089633887692578,-0.0003884292788267629,-0.015519568151147078,0.0011015043013062886,-0.028865091088133954,0.022201665124884418,0.0,0.00020006001800543238,-0.012427340148326249
2024-06-09,0.016483516483516425,-0.014123093602121495,0.004845925708311105,0.006168608636052175,0.0068353962682430325,0.027314785474364722,-0.010859728506787292,0.0,0.0,0.012177795818956616
2024-06-10,-0.008108108108108136,-0.07134471638952045,-0.0019220435781917011,-0.01430517711171675,-0.010796006475984998,-0.019247378161628692,-0.05489478499542544,0.0,-0.0003000300030002734,-0.004010427110487269
2024-06-11,-0.042007266121707576,-0.035860590155539884,-0.031453018801227084,-0.04561161022805804,-0.04600939991652997,-0.060510756069945715,-0.03910939012584691,0.0,0.0004001600640255454,-0.03301791826051936
2024-06-12,0.037449632614363626,0.02781696569351544,0.013778938347795977,0.05865314989138293,0.01770784486406729,0.03889930369576833,0.026596816441668114,0.0,-0.00029999999999996696,0.02352696231521967
2024-06-13,-0.03838245373543514,-0.03216690619600493,-0.022044338945301667,-0.03556771545827642,-0.02569642480859735,-0.051105239414835246,-0.052404317958782975,0.0,-0.00020006001800543238,-0.030309194467046274
2024-06-14,-0.021382751247327136,0.006039876532910604,-0.011033592668184156,-0.04326241134751774,0.003445998748482504,-0.02872860635696839,-0.037386081193040654,0.0,-0.00010005002501256577,-0.004824837423956452
2024-06-15,0.004369992716678928,0.007927425908419883,0.002767621734526715,0.013343217197924417,0.024964508842614697,0.017061743933990625,0.014846691769768716,-9.999999999998899e-05,-0.00010006003602158753,0.033937605396290094
2024-06-16,0.006768189509306133,0.004278074866310266,0.006689650410696357,0.002194586686174338,0.01563389324877118,0.039532485390168404,0.027244778967454586,0.00010001000100001711,0.0001000700490343398,-0.003261977573904118
2024-06-17,-0.036974789915966366,-0.009994265585319906,-0.0022490833552073486,-0.05985401459854023,-0.030999042063621363,-0.05271164021164021,-0.08090815273477814,0.0,0.00040024014408657216,0.032521988136633206
2024-06-18,-0.044128646222887036,-0.026048820852296206,-0.019910883787169764,-0.05124223602484468,-0.007922896344242814,-0.04091321650492208,-0.10206602290590616,0.0,-0.00010002000400077815,-0.02773375594294769
2024-06-19,0.0023474178403755097,0.017790691746954135,-0.0031799615764873668,0.002454991816693841,0.02202586244030469,-0.012739317172599574,0.08228085532074547,0.0,-0.00010003000900271619,0.004889975550122383
2024-06-20,-0.0005204267499349102,-0.01923269558249019,-0.0015847374983102291,0.01632653061224487,-0.013495477624144048,-0.015779383571744687,0.03246678220681676,0.0,0.0,-0.009529602595296116
2024-06-21,-0.021348607133558906,-0.0022980288019610606,-0.011234752587940822,-0.003212851405622441,0.0018057842059391316,0.008016182199580557,0.029655326768128987,0.0,0.0,0.0006141248720572534
2024-06-22,0.02287842511306204,0.008189588985002771,0.002040569974675499,-0.003223207091055613,-0.006547673202019766,-0.006614641397250209,-0.03227910009781554,-9.999999999998899e-05,0.0002000800320127727,-0.004705400981996788
2024-06-23,-0.011963589076723014,-0.02294765700360457,-0.016640575948581038,-0.012934518997574806,-0.021644129641554044,-0.037932066437228684,-0.011118598382749312,0.00010001000100001711,-0.0005001000200040018,-0.014388489208633115
2024-06-24,-0.006054224795999041,-0.016315926214601317,-0.04605924374123749,-0.026208026208026203,-0.019914468411230235,0.02854032195349543,0.016127200454287394,0.0,0.0003002101471030194,-0.011887382690302317
2024-06-25,0.037341101694915224,0.018030391069322027,0.02531252618384139,0.060555088309503624,0.012944182131835458,0.03236050204143348,-0.018330166536269177,0.0,0.00030012004801927006,0.004221190375685913
2024-06-26,-0.017870819504723023,-0.00932251759863012,-0.015731134548589765,-0.026962727993655733,-0.00720408024962349,0.0012450563937309589,-0.05590344984629392,-9.999999999998899e-05,-0.0005000500050005297,-0.013240857503152625
2024-06-27,0.01559656875487403,0.014438353294458528,0.013245829019688182,0.03422982885085579,0.02265644940138789,0.09348255431204744,0.007356488181379683,0.00010001000100001711,-0.0007004202521512237,0.011075612353567799
2024-06-28,-0.014077297158945457,-0.025247396953790524,-0.021187698867923266,-0.03230890464933023,-0.02089500261187538,-0.06528864807010515,-0.055070034718065375,0.0,-0.0005006508460999592,-0.00821571518854014
2024-06-29,-0.004153686396677014,0.005561637063455693,0.009631276285012813,-0.00895765472312704,-8.299247139731403e-05,0.0017175982251484978,-0.010135563157227967,0.0,0.0003005409737528719,0.002336448598130758
2024-06-30,0.021637122002085674,0.020964655066458393,0.029235222550418438,0.02136400986031206,0.017578078683393006,0.045938415374723096,0.0481249200051197,0.0,0.00010015022533793605,0.007204916295825425
2024-07-01,0.027813217657565614,-0.008977247321444004,0.002478867649301497,-0.007240547063555924,0.0017507471990956258,0.0008196721311475308,-0.012699963365490285,0.0,0.0005007009813737806,0.002945508100147265
2024-07-02,0.037487586891757685,0.005101952277657418,-0.01267940638373466,0.013776337115072979,-0.00651965930272802,0.04961779961779955,0.019913419913419883,0.0,-0.0006005404864377617,0.016572267673589103
2024-07-03,-0.027039961713328453,-0.03988328527771545,-0.030418177410786673,-0.05355715427657859,-0.03636858573766033,-0.08518109109825078,-0.06015037593984962,0.0,0.0006009013520280604,-0.03673132480396202
2024-07-04,-0.10969011313330057,-0.07682209714254895,-0.05179911963987682,-0.1140202702702704,-0.07088051613530322,-0.09154879522354109,-0.1307096774193549,0.0,0.000700630567510796,-0.07283633247643528
2024-07-05,-0.03342541436464086,-0.030426398114420383,-0.006922551121463116,0.006673021925643452,-0.02508818789006173,0.05101322275252329,-0.04482707436544453,0.0,0.0002000400080015563,-0.01756007393715342
2024-07-06,0.05973135181480438,0.05731793068809643,0.028411594485353353,0.07481060606060619,0.028661299030539045,0.06506364922206487,0.07847707847707852,-0.00019999999999997797,0.0,0.05597365945437449
2024-07-07,-0.06499460625674225,-0.06764459983278859,-0.041009756135241826,-0.0828193832599119,-0.04444603819347104,-0.08024044174180467,-0.0778097982708933,0.0002000400080015563,0.0,-0.0657015590200446
2024-07-08,0.06489760599942307,0.04027064481943432,0.015092380778497505,0.03362151777137368,0.029779612445414827,0.062238771943156745,0.051875000000000115,0.0,-9.999999999998899e-05,0.028843861740166954
2024-07-09,0.016793066088840902,0.012910430217067503,0.023583947454547394,-0.0009293680297397522,0.01588542615678712,0.011732722850193111,0.10398098633392738,0.0,0.00010001000100001711,0.009499536607970427
2024-07-10,0.03542887586574306,0.014544610564183769,-0.005537217988120013,0.0046511627906977715,0.011087776053012588,0.004171970018384874,-0.007669537136706039,-9.999999999998899e-05,-9.999999999998899e-05,0.007114987376635407
2024-07-11,0.019037818368922155,0.0008006863025451505,-0.006531397237074965,-0.012962962962962954,-0.0003064081227182047,-0.044363073023026445,0.024677966101694926,0.00010001000100001711,0.00010001000100001711,0.02347310847766626
2024-07-12,0.05175460742236804,0.017124788083128673,0.009850781403256459,0.010318949343339545,0.011334122710510375,0.028295630388328163,-0.009659917956861275,0.0,0.0,0.05678022712090858
2024-07-13,0.06072971675468075,-0.002640647239493754,0.02274730253715518,0.04271123491179196,0.013414704174668834,0.017198136868505687,0.013629075360769738,0.0,0.0009999999999998899,0.10809102402022752
2024-07-14,-0.022403258655804503,0.02326542108722207,0.02680536191653493,0.027604630454140855,0.02186251640869208,0.04064811553363867,0.06380174004745576,0.0,-0.0009990009990008542,-0.010268111808328761
2024-07-15,0.03078703703703689,0.07428340734759775,0.0648941108148029,0.08318890814558055,0.07374342291720581,0.08001624695369625,0.0475836431226766,0.0,0.0009999999999998899,0.032660902977905915
2024-07-16,-0.01571973950145955,-0.015151515151515138,0.004972705396619093,-0.0016000000000000458,-0.011278152345431058,0.0069575028206092515,0.026732907499408487,0.0,0.0,0.07813953488372105
2024-07-17,-0.0050193931097423095,-0.01333795854652664,-0.015225171119357395,-0.024038461538461453,-0.016983973605634084,-0.03205726735138503,-0.03156682027649771,0.0,-0.0009990009990008542,0.08041415012942177
2024-07-18,-0.029121761063976126,0.005291284323031942,-0.0017974421124102857,-0.018883415435139606,0.011299835284532822,0.023794212218649413,-0.03533190578158463,0.0,-9.999999999998899e-05,-0.09024117553106537
2024-07-19,0.037316957959376396,0.03841782223232548,0.04262267973691758,0.05020920502092063,0.023368768863436085,0.06281407035175879,0.05376741891725256,0.0,0.0011001100110010764,0.0070224719101124045
2024-07-20,-0.0036429872495445936,-0.0006399030041761566,0.006826267541057973,0.07011952191235071,0.003665145464917252,0.02647754137115843,-0.004447045055588128,0.0,-0.0009990009990008542,0.03556485355648542
2024-07-21,0.0212522851919561,0.015199002460148936,0.015084302778309633,0.04393149664929252,0.005004475894113236,0.06229847996315052,0.010109321735041643,0.0,0.0,0.007744107744107831
2024-07-22,-0.04587155963302758,-0.024863895896959254,-0.008936594140720122,-0.017118402282453538,-0.02697895635748737,-0.02991869918699197,-0.03188641917840096,0.0,0.0009999999999998899,0.016204477113264115
2024-07-23,-0.0379924953095685,-0.009276595744680982,-0.02409257321285574,-0.054426705370101636,0.012211388965577274,-0.033802659515029476,-0.021396802500300405,-9.999999999998899e-05,-0.0009990009990008542,-0.017261219792865323
2024-07-24,-0.009263773768893313,-0.012713684391375324,-0.008557801862698167,-0.018419033000767304,-0.042468282291197146,0.029491701844676976,-0.05294189902960322,0.00010001000100001711,0.0,0.034292405486784805
2024-07-25,-0.028789370078740162,-0.006873749238666904,0.0064010188521608224,-0.02111024237685699,-0.04817474476410355,-0.03482559119249562,-0.027367055771725046,0.0,-0.00019999999999997797,-0.03040595180333161
2024-07-26,0.057258677476564435,0.018223234624145768,0.032391555460984156,0.0718849840255591,0.03163037725863749,0.06547168713263107,0.05000666755567407,0.0,0.0002000400080015563,0.006672226855713115
2024-07-27,0.0004792715073087539,0.0011013594906212898,-0.0003035693543349538,-0.02086438152011938,-0.007795681687018385,0.0037688442211054607,-0.00368300736601479,0.0,0.0,-0.01259320629660321
2024-07-28,-0.024431137724550855,0.003712998934231715,0.005127785987831368,-0.010654490106544734,0.006398183026811388,0.00620340643195294,-0.044486934353091034,0.0,0.0,0.00956536331599267
2024-07-29,-0.010066290203781025,-0.016492550094194258,-0.02153715418060076,-0.012307692307692464,0.014614008531718792,-0.01292520685738996,-0.012540021344717323,-9.999999999998899e-05,0.0,0.0004986702127658393
2024-07-30,-0.004712301587301626,0.02404792170930059,-0.00902538049479229,-0.022585669781931328,-0.011914018939462534,-0.018737672583826526,-0.04431234801405015,0.0,-9.999999999998899e-05,0.04269812261172956
2024-07-31,-0.03289309743334157,-0.02020133315195216,-0.02360545566306682,-0.028685258964143423,-0.014205056719568288,-0.041652707984366266,0.0,0.00010001000100001711,-0.00010001000100012813,-0.007488846398980287
2024-08-01,0.011337284205101827,-0.0024817771607081873,0.010560243202224484,-0.0237899917965545,-0.009644660626763724,-0.02551852714984848,-0.01653944020356235,-0.00019999999999997797,-0.0007001400280056691,-0.04318510194252689
2024-08-02,-0.07439490445859875,-0.056492162082224295,-0.05938587333792644,-0.06386554621848739,-0.0671578138327289,-0.0877675475307903,-0.08437544918786832,0.0002000400080015563,-0.00030027024321888085,-0.06023489932885895
2024-08-03,0.003303055326176585,-0.02373225152129821,-0.012096909428660374,-0.029622980251346465,-0.02800999423924533,-0.06632586184296763,-0.04160125588697017,0.0,0.0008009611533841277,-0.007855740046420423
2024-08-04,-0.056241426611796985,-0.06201008631924887,-0.04191529629224344,-0.04070305272895469,-0.07374340561457438,-0.02962235013337078,-0.05421785421785419,-9.999999999998899e-05,0.0,-0.059204606802231274
2024-08-05,-0.09302325581395343,-0.06449859041482087,-0.07059442970598717,-0.0901639344262295,-0.09958408975923339,-0.06098090277777779,-0.07377900935226878,0.00010001000100001711,0.0014005602240894088,-0.06446059678653415
2024-08-06,0.06153846153846154,0.04412682695826242,0.037493647261928276,0.022999470058293392,0.01735257541140056,0.11324243124566657,0.12509349289453997,0.0,0.0,0.03516663259047226
2024-08-07,-0.021739130434782594,-0.02108973962520877,-0.016540466273393117,-0.009842519685039242,-0.04828235982114937,0.0013839872673173659,0.02227023433604791,-0.00039999999999995595,-0.001098901098900984,0.18585818684574384
2024-08-08,0.08580246913580236,0.08929323561620772,0.11931845286951215,0.12482996756304265,0.14513334755707263,0.12763457950383517,0.38676637945049586,0.0004001600640255454,0.00010001000100001711,0.027481678880746152
2024-08-09,-0.009380329732802783,-0.015834042224112554,-0.013606708829395298,-0.03348837209302313,-0.031081151578837507,-0.042039465620786975,0.0037514654161781014,0.0,0.0,-0.058356297617117914
2024-08-10,-0.0077474892395982264,0.027993320891857243,0.001181884733216787,0.012512030798845108,0.0040112144788304605,-0.014521494370521859,0.0741649147395469,0.0,0.0,0.005852986744706579
2024-08-11,-0.05234239444765765,-0.037703038410089706,-0.036360193381053896,-0.04372623574144496,-0.02105613949069951,-0.0810126582278482,-0.05001630966619541,0.0,0.0,-0.05356837241143242
2024-08-12,0.0347879157766251,0.029211430387036552,0.010828267347807508,0.07256461232604372,0.06550141450187241,0.0339054884509431,0.16172599290374245,0.0,0.0,0.028028933092224095
2024-08-13,0.0026540843409024184,0.011673226827197736,0.021038094273856167,-0.013901760889712733,-0.007150018178012418,0.0023228803716608404,-0.058719211822659934,0.0,0.0,0.01512752858399291
2024-08-14,-0.013529411764706012,-0.0016401884309500403,-0.031540810361636695,-0.03759398496240596,-0.01539428909602003,-0.01990321041510479,-0.02250366338706311,0.0,0.0,-0.014208975914053013
2024-08-15,-0.03130590339892647,-0.008195312052266757,-0.019508825250583395,-0.02148437500000011,-0.034406719810066266,-0.008484595590792066,-0.09529928257843445,0.0,0.0,-0.014062225347161172
2024-08-16,0.01662049861495829,0.001290496552255549,0.02329595092655601,0.001996007984031989,0.009068662732114596,-0.024338921231675692,-0.03917623387383129,0.0,0.0,0.00570511677660912
2024-08-17,0.021192854980320863,0.0423198999711456,0.010260355654521103,0.0239043824701195,0.00818136253228996,0.02041696621135869,0.020325203252032686,-9.999999999998899e-05,0.0,0.004609111859599224
2024-08-18,-0.008894159501927068,-0.01880594260404178,-0.017794229514500826,-0.026264591439688845,-0.0008948648524620406,0.0035930674933069007,-0.0045877097669926314,0.00010001000100001711,0.0,-0.006352567496029526
2024-08-19,0.007478312892611472,0.05080314486702031,0.017542841947582488,0.012987012987013102,0.00952698099196958,0.013267813267813455,0.09326864766525156,0.0,0.0,0.06322145267270463
2024-08-20,0.0201900237529693,0.019492723790430766,-0.007346579239582152,0.014792899408283988,-0.024349092122374794,-0.014133296383538774,-0.03405813179498551,0.0,0.0,-0.008017370970435977
2024-08-21,0.07392316647264252,0.0010710021771191958,0.03630931658183334,0.03206997084548102,0.02259399591955691,0.0035137034434293835,-0.024233375445044225,-9.999999999998899e-05,0.0,0.01077622495369579
2024-08-22,0.020054200542005463,0.02257221530420761,-0.012808562255193667,-0.008474576271186418,-0.0029718133762003385,0.0031512605042016695,0.0031779661016948513,0.0,0.0,-0.004164584374479308
2024-08-23,0.040382571732199724,0.015436333699231586,0.06127961695250783,0.07312440645773988,0.05383504156550045,0.07057591623036652,0.19206852047401157,-0.00010001000100012813,0.0009999999999998899,0.022750083640013408
2024-08-24,0.005873340143002892,-0.01903587595432743,0.001450666117420063,-0.0035398230088495852,0.0018265269584529786,0.04799165362545632,0.0029527559055118058,0.00010002000400088917,-0.0009990009990008542,0.002780503761858011
2024-08-25,-0.022594567149022526,-0.011312567797923334,0.0013064660956858543,-0.025754884547069312,-0.0080653895864774,-0.010764061722249862,-0.01952894995093224,0.00010001000100001711,0.0009999999999998899,-0.020877507747512736
2024-08-26,-0.04883116883116878,-0.04487983281086749,-0.022008221631124703,-0.04102096627164997,-0.02415633007221052,-0.011573054909113756,-0.07266539885897305,0.0,-0.0009990009990008542,-0.021322671997334508
2024-08-27,-0.042872747132714495,-0.027131994967452555,-0.05423270258027524,-0.05969581749049435,-0.08312104880368498,-0.06554247534202995,-0.08461953588774962,0.0,0.0009999999999998899,-0.03489361702127669
2024-08-28,-0.00114122681883011,0.00646612313747541,-0.006699502184744688,0.007682976142337372,0.02865406441062701,-0.019884235614572643,-0.04504185827143026,-0.00019999999999997797,-0.0009990009990008542,0.0044091710758378255
2024-08-29,0.022279348757497708,-0.0010986964618250328,0.005527280733696349,0.007223113964687,-0.0003005461239437013,-0.026957548808448473,-0.008025682182985494,0.0002000400080015563,0.0,-0.012818261633011363
2024-08-30,-0.030176026823134916,-0.002293022128595723,-0.004055930745993086,0.013944223107569709,-0.0007713699134087593,-0.014637629418065012,0.035349763505103216,0.0,0.0,0.00800426894343631
2024-08-31,-0.006050129645635449,-0.004017339960387112,-0.0023656730490343447,-0.004911591355599265,-0.005150394692045146,-0.019275362318840528,-0.04267852849242604,0.0,0.0,-0.0007058408328921573
2024-09-01,-0.03913043478260858,-0.038515655779224334,-0.028407417836189164,-0.06100691016781845,-0.03459994190234028,-0.05031771833899812,-0.044581187994474414,0.0,0.0,-0.0333745364647714
2024-09-02,0.014479638009049722,0.027258536585365922,0.03200575641594705,0.04184188393608079,0.0462313380542938,0.050027230996654515,0.03443743427970558,0.0,0.0,0.037084398976982014
2024-09-03,-0.052928932500743375,-0.014834653446540225,-0.028166051822722138,-0.023511604439959588,-0.04484244864511344,-0.05512744516893908,-0.0020330368487929684,0.0,-9.999999999998899e-05,-0.018495684340320562
2024-09-04,0.01538461538461533,-0.02103497474260585,0.008588451587492774,0.012607212979229176,0.010707803992740406,0.04775721455457971,0.030048382989559475,0.0,0.00010001000100001711,0.0016152189519023086
2024-09-05,0.005256648113791007,-0.01095027080256028,-0.031187646096145327,0.004082049188692816,-0.03365627907736013,-0.03158446224085043,-0.01470951792336217,0.0,-0.00019999999999997797,-0.02472675147822978
2024-09-06,-0.03168255921254992,-0.03004838806029586,-0.03940132532394236,-0.059457261916861515,-0.06054757611206596,-0.033773861967694496,0.051436457157194804,0.0,0.00010002000400088917,-0.042623553187580376
2024-09-07,0.03367217280813217,0.013303223157462352,0.00395686500045489,0.03090555435487352,0.02199575638789475,0.0214365701487762,0.06299964204748854,0.0,0.00010001000100001711,0.007292266359623989
2024-09-08,0.042102028272894776,0.019571295433364444,0.013135289550142648,0.007861635220125729,0.01053025138006114,0.018794048551292075,0.05421483892692791,0.0,0.0,0.008763574014097886
2024-09-09,0.012680625184311234,0.030840155790477608,0.03966848720638527,0.0795631825273011,0.02725266498069545,0.03827824750192166,0.02012350936967633,0.0,0.0,0.0190745986779981
2024-09-10,-0.0008736167734419986,-0.003296321998612184,0.01027265871206895,-0.009633911368015391,0.01221610169491516,0.004071661237784907,-0.04195804195804187,0.0,0.0,0.002223869532987255
2024-09-11,0.02943748178373662,0.025626148341552968,-0.004999095284497934,-0.014591439688716012,-0.02013538008146243,-0.02359360023593593,0.01318226386316601,0.0,0.0,-0.010909763313609266
2024-09-12,0.008776896942242374,0.026758438619649327,0.013710225934355114,0.01382033563672258,0.009048459241347784,0.027486219134637002,0.11827956989247301,0.0,0.0,0.05197233127687406
2024-09-13,0.012910468706146538,0.02249811750445363,0.04140840627575115,0.04284323271665036,0.03360415934561445,0.022561916660542414,-0.011538461538461497,0.0,0.0009999999999998899,0.018482317398258452
2024-09-14,-0.01801052923247437,-0.005711822394654731,-0.008833635131858752,-0.015873015873015928,-0.00932297810984406,-0.014158401609889348,0.017509727626459082,0.0,-0.0009990009990008542,0.0397836328738439
2024-09-15,-0.04458239277652365,-0.00014451911265256356,-0.014564281293834136,-0.024667931688804434,-0.042199361593040385,-0.04191878690675799,0.030592734225621365,0.0,0.0,-0.04228897466017789
2024-09-16,-0.0245126993502659,-0.03590012285900124,-0.015712080022712516,-0.030642023346303504,-0.009035338404289273,0.00022827575711459325,-0.033395176252319136,-9.999999999998899e-05,-9.999999999998899e-05,0.027860522165761292
2024-09-17,0.010596427490160432,0.023725192556361296,0.03627520421315844,0.014550928248870942,0.02033517314084321,0.0008368200836821327,0.12284069097888661,0.0,0.00010001000100001711,-0.004432321854756283
2024-09-18,0.031156381066506977,0.024566606256979373,0.02410563116787867,0.027695351137487778,0.014003868141627018,0.021131042870173422,0.12393162393162394,0.00010001000100001711,0.0,0.0022260273972602995
2024-09-19,0.01975595583962808,0.013150136682806401,0.019226498194758967,0.010587102983637964,0.03823983899015149,0.06371892213785912,0.049429657794676674,-9.999999999998899e-05,0.0,0.003075345976422117
2024-09-20,0.0037037037037037646,0.0035975663521736756,0.003939748498373863,0.004761904761904745,0.03895240142264478,0.02631210636808956,0.0652173913043479,0.00010001000100001711,0.0,-0.003236245954692407
2024-09-21,0.017598637524836702,0.034686956368939814,0.002399880907689722,0.042654028436019065,0.020059487563820255,0.01909177689895003,0.008163265306122547,0.0,0.0,0.021531100478468845
2024-09-22,-0.018967921896792084,-0.00033965660717028,0.003539595635761339,-0.033636363636363575,-0.012183968744140516,-0.03198180115080962,0.07017543859649122,0.0,0.0,-0.017564402810304358
2024-09-23,0.03440432186522613,0.0272327268402901,-0.003860510210741186,0.016933207902163572,0.02546650499916714,0.0006220624827204535,-0.03215636822194212,0.0,0.0,-0.0040864975310744844
2024-09-24,0.06569543705332603,0.0023153507756423775,0.014756092998054804,0.015726179463459777,0.002357234329491309,0.054914692270497945,0.13550488599348554,0.0,0.0,0.01094204137459398
2024-09-25,-0.017281403146762964,-0.03083853083853072,-0.017608571697498188,-0.011839708561020013,-0.027783116819488862,-0.031102671555788386,-0.025817555938037917,0.0,-9.999999999998899e-05,-0.014375105699306667
2024-09-26,0.05459317585301826,0.015543865025452464,0.03228847080592345,0.08940092165898617,0.020591621473897925,0.05142934378590258,-0.03356890459363959,0.0,0.00010001000100001711,0.013555250514756478
2024-09-27,0.0002488800398208202,0.01778709136630341,0.009306010338784088,0.04483925549915391,0.023803464739194924,0.013240776449414904,0.009750152346130525,-9.999999999998899e-05,0.0,-0.003216522769595387
2024-09-28,-0.0032346354814629663,-0.009866416300176262,0.001191513396811894,0.03724696356275303,-0.0072157834597176285,-0.0054554681552904105,0.01870850935425472,0.00010001000100001711,0.0,0.04296875
2024-09-29,-0.006989515726410489,-0.009132951823263236,-0.0038969968575348624,-0.029664324746291992,-0.0067076975968133334,0.011098354381936515,0.04206161137440745,0.0,0.0,0.04445530043966772
2024-09-30,-0.06158873805932619,-0.04766381814213516,-0.035011441508090435,-0.08125502815768304,-0.0212371335700956,-0.03766086298258897,0.008527572484366086,0.0,-9.999999999998899e-05,-0.04692859370127844
2024-10-01,-0.056522903830699134,-0.03559339961920893,-0.03987613640473686,-0.06392294220665495,-0.05922825305673751,-0.04850868567682731,-0.009582863585118395,-0.00019999999999997797,-0.00020002000200014525,-0.023719941109111686
2024-10-02,-0.02526973310618974,-0.008427017640069256,-0.002438885567804916,-0.021515434985968196,-0.034279317191956094,-0.03430933517051338,0.05634604439385327,0.0002000400080015563,0.00020006001800543238,-0.09819034852546915
2024-10-03,0.006117098747451255,0.004074183319814129,0.001724058322806865,0.004780114722753304,-0.005851144844392531,-0.02411357637154876,-0.10398706896551724,-9.999999999998899e-05,0.0,-0.030100334448160515
2024-10-04,0.017950202663578496,0.019902689800789464,0.022185859726551405,0.039010466222645146,0.027602231669794586,0.046787045836683916,0.06614552014431752,0.00010001000100001711,0.00010001000100001711,0.02318007662835253
2024-10-05,-0.0019908987485780516,0.013411582566742908,-0.0005615674027434903,0.001831501831501825,4.969623178308069e-05,-0.0038410503526783435,-0.010716300056401562,0.0,0.0,-0.008612619359670615
2024-10-06,0.018238814477059107,0.013074217500976815,0.012287785257912631,0.019195612431444298,0.010423266619457694,0.02692091979809308,0.04960091220068419,0.0,0.0,0.007932011331444722
2024-10-07,-0.016512734396865403,-0.010836401893740022,-0.009740573966727561,-0.0278026905829597,-0.0073033984163675125,-0.017271982523211382,0.0956002172732211,-9.999999999998899e-05,-0.00029999999999996696,-0.009555930297920123
2024-10-08,-0.01963574274331248,0.029089555413741808,-0.00129674019415571,-0.011992619926199266,0.007237401636569496,-0.0036818339701285563,-0.014873574615765883,0.00010001000100001711,-0.00020006001800543238,0.004351116155883572
2024-10-09,-0.01538461538461533,-0.018052469295299134,-0.024850645839949226,0.007469654528478031,-0.029196571667479576,-0.02928461860270526,-0.05636638147961759,0.0,-0.0003001500750375863,-0.01299679789037489
2024-10-10,0.000589622641509413,-0.011911235856503777,-0.00503159021292654,-0.01853568118628357,0.0067386127577646615,-0.0020830340468322994,-0.02186666666666659,0.0,0.0,0.011641221374045774
2024-10-11,0.03565114908662337,0.018233142775982536,0.03711058224914976,0.04532577903682733,0.022911424257674895,0.04707406607644127,0.11941112322791714,-9.999999999998899e-05,0.0005004003202562224,0.01603471043199378
2024-10-12,0.004267425320056972,0.005038969190800824,0.010870730110103644,0.006323396567298856,0.015128965203379918,0.006118099951880174,0.0920603994154896,0.00010001000100001711,0.00020006001800543238,0.0012996658002228934
2024-10-13,-0.012464589235127388,-0.007702716769022455,-0.005420349658836754,-0.0008976660682226134,-0.003154370277027141,0.009018857611369224,0.044603033006244575,0.0,-0.00010001000100012813,-0.014092341924717311
2024-10-14,0.04503729202524376,0.029983565858946015,0.051130325157411116,0.04761904761904767,0.06519131970892822,0.06663055254604555,-0.03928266438941075,-9.999999999998899e-05,-0.00010002000400077815,0.031032537145006645
2024-10-15,-0.014548449080428294,0.009166058425135404,0.015081979619560038,0.006861063464837169,-0.008406174163756774,-0.017648552564753728,-0.08488888888888879,0.0,0.00020006001800543238,-0.011856986501276978
2024-10-16,-0.01949860724233987,0.010697525776663941,0.008201335158635636,0.07069846678023861,0.0015458855661085735,-0.0033604756365517297,0.011656143759106286,0.00010001000100001711,0.00010001000100001711,0.011999261583902632
2024-10-17,-0.02499999999999991,-0.013696350413553215,-0.00304430796198063,0.031026252983293423,-0.0022405637794672417,-0.024575282064583037,-0.028804608737397985,0.0,-0.00019999999999997797,-0.007661437431594309
2024-10-18,0.021270396270396175,0.010815644720413298,0.01508347491954698,0.058641975308642014,0.014248973168016432,0.029847769726783158,0.05042016806722671,-9.999999999998899e-05,0.0002000400080015563,0.004963235294117574
2024-10-19,0.002567760342368164,-0.0019530271921479603,-0.0008124148802138853,0.050291545189504516,0.0022329707594370696,0.030725535760392608,-0.02964705882352947,0.0,0.0,-0.004755807572708881
2024-10-20,0.03841775754126364,0.013212911858170306,0.009520251853004646,-0.013879250520471897,0.03711312176185366,0.04809619238476959,0.0320077594568382,0.00010001000100001711,-0.00019999999999997797,0.007351589781290135
2024-10-21,-0.011510002740476755,-0.01208319577418282,-0.024091239557154753,0.010555946516537684,-0.02931109816487032,-0.00728967495219901,-0.05592105263157909,0.0,-0.00010002000400077815,-0.00620324758255808
2024-10-22,0.009426115885777575,-0.008538297019115126,0.0004777447833328452,-0.027855153203342642,-0.016726058741888372,0.007824726134585402,-0.03534096565455447,-9.999999999998899e-05,-0.00020006001800543238,-0.02037818982926376
2024-10-23,-0.040373523757209484,-0.015235013566577305,-0.011535039453737683,0.0021489971346704273,-0.03775974608115795,0.019290492116579072,0.019607843137254832,0.00010001000100001711,-0.00040020010005004103,-0.015367316341829085
2024-10-24,-0.008872352604464728,0.016737117724573425,0.023277598942067934,0.013581129378127388,0.004840762311037805,0.03749926759242994,-0.020242914979757054,0.0,0.00040036032429191515,0.012371526456033566
2024-10-25,-0.059197227837135435,-0.03346181683526617,-0.023264483251754897,-0.07334273624823706,-0.03879994002856535,-0.07014175184955096,-0.09659090909090906,0.0,-0.0014007003501751436,-0.05752961082910335
2024-10-26,0.02332719459791277,0.014628284833603233,0.006563001434262583,0.044901065449010735,0.017855676873819837,0.03656240510173081,0.02515723270440251,-9.999999999998899e-05,0.0007013325318103725,0.02313983642529438
2024-10-27,0.01829634073185371,0.010383948646653929,0.013883815376681374,0.049526584122359774,0.010287534782433383,0.03398371125563959,-0.02175125488008922,0.0,0.0,0.0066289725092609775
2024-10-28,0.01178203240058906,0.020469525039070513,0.029151312367595494,0.12005551700208184,0.024193580578075302,0.009520031733439183,0.010262257696693311,0.0,0.0007008410092110839,0.0056168894053845175
2024-10-29,0.03668122270742358,0.00927205233632411,0.040011537939556696,0.08921933085501865,0.028193715849124112,0.006904294134156608,0.16817155756207658,0.0,0.00030015007503747526,0.017719568567026167
2024-10-30,-0.002808199943835965,-0.01804387267029517,-0.005386279322811882,-0.04266211604095571,0.007653061224489832,-0.02525365146616121,0.006763285024154797,0.00010001000100001711,-0.00010002000400077815,-0.010598031794095242
2024-10-31,-0.03886229231202487,-0.03302203708680462,-0.029370419383077828,-0.04099821746880583,-0.05390937987849609,-0.03660280240205893,-0.05518234165067182,-9.999999999998899e-05,-0.001000300090027051,-0.026587605202754494
2024-11-01,0.047172575446821075,-0.0052631578947369695,-0.010456569194704612,-0.014250309789343274,-0.0018488771550353444,-0.014247551202136943,0.00964956830878605,0.00010001000100001711,0.00090117152297986,0.0076635881312634435
2024-11-02,-0.026301063234471234,-0.007176908167007223,-0.0017186431470689323,0.0025141420490257804,-0.006763889276168222,0.0003011141222521996,-0.04024144869215296,0.0,0.0002000800320127727,-0.004875195007800426
2024-11-03,-0.04022988505747116,-0.019136063036442885,-0.008751765038532033,-0.051410658307210144,-0.014738851612851489,-0.02203491872366048,0.020440251572327206,0.0,-0.0002000400080015563,-0.014697236919459011
2024-11-04,-0.023353293413173715,-0.009969875197245681,-0.013601894714303286,0.04560475875743575,-0.024337922219598962,-0.028133464663875896,-0.050333846944016436,0.0,-0.0002000800320128837,0.0007955449482894839
2024-11-05,0.022378908645003248,0.020212997174527292,0.02309533939077113,0.07458912768647274,0.010651391189342885,0.05561537974282649,0.0870740941049215,0.0,0.0006003602161297472,0.02166136724960266
2024-11-06,0.08935532233883059,0.05217653742366135,0.09030920280451671,0.1570588235294117,0.12475643989431973,0.12079207920792068,0.14726368159203984,-9.999999999998899e-05,0.0009999999999998899,0.05524217078389415
2024-11-07,0.12001101018442051,0.010089932002632196,0.0036862353270741277,-0.016776817488561413,0.0634622936860687,0.0517185994217797,0.006071118820468291,0.00010001000100001711,0.0,0.02488479262672816
2024-11-08,0.0933890390759402,-0.0010356635763801858,0.008428341513394999,0.04498448810754918,0.022936856346116752,0.018020769700672012,-0.012931034482758563,-9.999999999998899e-05,0.0,-0.003417266187050405
2024-11-09,0.1164306585749606,0.04486397003494824,0.0020127396887581472,0.0841167738743196,0.05533438147355918,0.00020002000200025627,0.19650655021834074,0.0,-0.0009990009990008542,0.009926006136076415
2024-11-10,0.1884437286088183,0.0046250360080657416,0.04839929292833167,0.2683706070287539,0.01856463735497882,0.05104489551044877,0.10766423357664223,0.00010001000100001711,0.0009999999999998899,0.052358827734095836
2024-11-11,0.03964086057936633,0.05209080047789727,0.10355512901185548,0.266282835552357,0.05955003986114504,0.057984112638538754,0.08006589785831952,-9.999999999998899e-05,0.0,0.05569706231957894
2024-11-12,-0.06860029330291673,-0.05220682867741688,-0.008086792098677908,0.08098891730605295,-0.038097748971351875,-0.047477744807121525,-0.018913971934106155,0.00010001000100001711,0.0,0.13414830304005143
2024-11-13,0.01294611616515029,-0.007077016470438013,0.02791861567409737,0.0507360672975814,-0.017202618887773302,0.016945152459171053,0.028917910447761264,0.0,0.0,-0.020138987377676942
2024-11-14,0.0,0.0018502429449434032,-0.034965437552507694,-0.09281961471103328,-0.04142799844578415,-0.0274309584590392,0.013599274705349051,0.0,-0.0009990009990008542,0.11984368215371277
2024-11-15,0.22124352331606212,-0.005315646629944326,0.042649161800206725,0.05239933811362385,0.010434407393000056,0.04280805574114721,0.07662492546213473,0.0,0.0,0.15393563396665377
2024-11-16,0.049356526658181465,0.00598986082857067,-0.004700033780325907,-0.04533542976939198,0.014050332736984084,-0.012539471877717201,0.04181667128219324,0.0,0.0009999999999998899,0.25560035842293893
2024-11-17,-0.05296495956873315,-0.006885040684331489,-0.008317027275674294,0.007685973099094134,-0.018401893787127532,0.10089447096445281,0.00611376927166396,0.0,-0.0009990009990008542,-0.059768064228367446
2024-11-18,0.043404013092358085,0.0006625727213964705,0.007094905980562727,0.011985834922364491,0.04314900642879893,0.010103561505430791,-0.022192866578599757,-9.999999999998899e-05,0.0009999999999998899,0.057874762808349134
2024-11-19,0.00872885979268978,-0.004182748986611973,0.021031360275437727,0.053028263795424024,-0.03035949076814748,-0.008252063015753874,0.007565522831667115,0.00010001000100001711,0.0,-0.011659192825111964
2024-11-20,0.08274743104380744,-0.017206707534624277,0.021223460935518634,-0.033742331288343586,-0.01275987275473156,-0.009707513867876938,-0.053901850362027326,0.0,0.0,0.0027223230490016626
2024-11-21,0.02734765234765235,0.02739228725598597,0.04297873954544573,0.023809523809523725,0.09355257633308289,0.08941226395077462,0.02862811791383213,0.0,0.0,0.12941176470588234
2024-11-22,0.2386045946274462,0.017924543454168607,0.005837686827769195,0.06770025839793292,-0.008312945336357402,0.0019086942972887933,-0.01653348029760271,0.0,0.0,0.1810897435897436
2024-11-23,0.047105004906771386,0.02690250406298822,-0.012582959308819475,0.04211035818005793,0.019634501739253185,-0.008009019867034617,-0.03614457831325302,0.0,0.0,-0.0027137042062415073
2024-11-24,-0.0402999062792877,0.014796717986540031,0.0025894737014375835,0.00023223409196471145,-0.00956639223385558,-0.00850480109739371,-0.01279069767441865,0.0,0.0,-0.02448979591836742
2024-11-25,-0.07861328125,-0.037065637065637036,-0.05099889612337294,-0.08822846528906436,0.014874539721410729,-0.07443276148312117,-0.060070671378091745,0.0,-0.0009990009990008542,-0.013947001394700176
2024-11-26,0.01780604133545305,-0.035976539773888705,-0.011992017147394507,-0.014514896867838023,-0.026765372518931962,-0.015075806107196277,0.0942982456140351,-0.00019999999999997797,-0.0006000000000000449,-0.011315417256011373
2024-11-27,0.05487868374466287,0.05180316103671556,0.044107164560716505,0.037209302325581284,0.10057289692067894,0.050472638973202644,-0.01603206412825653,0.0002000400080015563,0.0016009605763458445,0.05221745350500728
2024-11-28,0.01875616979269501,0.014189346359618549,-0.0029919492492040956,0.0007473841554559435,-0.02134942354642666,-0.019111698175513947,0.0020366598778005507,0.0,-0.0009990009990008542,0.04894629503738934
2024-11-29,0.04263565891472876,0.0014984709480123648,0.019238027724559625,0.06148867313915862,0.003938965588526022,0.0245339393174262,0.012485481997677184,0.0,0.0009999999999998899,0.167854828256643
2024-11-30,0.0027881040892192566,-0.0015114965342453157,-0.010638911006069951,-0.010787992495309595,0.03130460915151989,-0.023453544730140496,-0.0025810151993117536,0.0,0.0,0.08379578246392905
2024-12-01,0.06580166821130673,0.0036391993761373254,0.008323113774962643,0.044570886676149835,0.0011224374160196948,-0.0033228180862250323,0.0,0.0,0.0,0.17562724014336895
2024-12-02,0.045217391304347876,-0.01287383640324824,-0.014563850846972537,-0.0360871538810712,-0.017693605506713617,-0.047054355165428774,-0.02443933294997136,0.0,-0.0009990009990008542,0.18815331010452985
2024-12-03,-0.008319467554076532,0.13484689467835542,0.0007158374604565587,-0.04261831881327993,-0.007443624081893585,0.03675656525397453,0.08989095195991759,0.0,0.0009999999999998899,-0.07917888563049857
2024-12-04,-0.00251677852348986,0.007004039222619829,0.029433419956995,0.06566650270536156,0.06290081822202565,-0.019777027892870946,-0.004867495943753353,0.0,0.0009990009990010762,-0.0597133757961783
2024-12-05,-0.023549201009251508,-0.03042785370860579,-0.017195117419042227,-0.013616432033233372,-0.014542995721883445,0.029152867352274736,0.1499999999999999,0.0,-0.0009980039920161055,-0.04868755292125326
2024-12-06,0.058570198105081905,0.018721009597303384,0.029304874347037435,0.018717828731867225,0.057014221886768635,0.004276580429351862,-0.001890359168241984,0.0,0.0009990009990010762,0.08144192256341798
2024-12-07,-0.01464605370219696,0.025842619812675105,0.0002843901632836321,0.04134129536058806,-0.0011834408167239463,0.004890800236107662,0.009232954545454364,-9.999999999998899e-05,-0.0009980039920161055,0.07489711934156373
2024-12-08,-0.013212221304706895,-0.010289903365544806,0.012643608224374825,0.02955447728275251,0.0016447820663760826,-0.004783082990685639,-0.006333567909922566,0.00010001000100001711,0.0,-0.003062787136294043
2024-12-09,-0.15899581589958167,-0.07122944527493835,-0.03806183646357275,-0.11268209083119107,-0.0731000646351111,-0.08596121416526137,-0.09348441926345608,0.0,0.0,-0.1497695852534563
2024-12-10,0.01691542288557235,-0.017922394292674504,-0.006990667808799644,-0.04876871076774503,-0.022500195197337813,-0.01411374014113742,-0.03229166666666661,0.0,0.0,0.07181571815718168
2024-12-11,0.06360078277886494,0.05090952043467989,0.04702348116884014,0.051522842639593947,0.05628515239821286,0.06395321637426887,0.1773412271259418,0.0,0.0,0.00969237252423083
2024-12-12,0.03311867525298995,-0.007952118691693766,-0.011472873303151832,-0.01955104996379431,0.012432952539394027,-0.0018028317650162773,0.05645714285714276,0.0,-0.0009990009990008542,-0.023789649415692837
2024-12-13,-0.0017809439002671734,0.027942217816173454,0.013872176460322017,0.007139340226489432,0.006444052386900712,-0.009559050262102908,0.03050627434011255,-9.999999999998899e-05,0.0,0.03591278324070113
2024-12-14,-0.0535236396074934,-0.013818662772274615,-0.0002645179748984594,-0.026643852358836484,-0.009747496590039595,-0.022104607721046055,-0.06382532017635945,0.00010001000100001711,-9.999999999998899e-05,-0.009492364836979017
2024-12-15,0.03581526861451456,0.0038418552668342265,0.02979785104871202,0.020592667001506637,0.022798339871510587,0.019829899486059954,0.07266203184570541,-9.999999999998899e-05,-0.0003000300030002734,0.019166666666666776
2024-12-16,-0.019108280254776955,0.0030895553545333687,0.015941272041993138,-0.010826771653543177,0.007504168982768178,-0.03558845827944512,-0.03219736567008169,0.00010001000100001711,0.0004001600640255454,0.015944399018806177
2024-12-17,-0.024118738404452666,-0.004384200230309165,0.0004801619769023713,-0.0194029850746269,-0.023561128526645714,0.03204624277456647,0.002808381939944038,0.0,0.0,0.032997987927565475
2024-12-18,-0.07965779467680623,-0.043895709368598546,-0.05646195680540844,-0.0915778792491122,-0.06905780072170642,-0.07496191415001352,-0.06656613528651445,-9.999999999998899e-05,-0.0006000000000000449,-0.10050642773665752
2024-12-19,-0.09099359636438753,-0.03073851131742733,-0.027620925425218767,-0.12314995811225904,-0.057991486121495295,-0.06190360862194233,-0.060235402723286424,0.00010001000100001711,-0.0003001801080647626,-0.031182330012992643
2024-12-20,0.07896829905692537,0.019999398514330524,0.003988350922304207,0.01178343949044569,0.016503293336886937,0.0040791036298859495,0.12475442043221996,0.0,0.0005004504053649494,0.01877514528386226
2024-12-21,-0.04738837405223251,-0.022496756693006437,-0.005585587078341114,0.00786905886056033,-0.03844624613203795,-0.06777743494806132,-0.048034934497816484,-9.999999999998899e-05,0.0,-0.01886792452830177
2024-12-22,-0.02443068759672784,-0.020707025005278434,-0.021854103215285914,-0.024672079950031067,-0.017522727408925576,-0.005185348631950526,-0.0087155963302753,0.00010001000100001711,-0.0005002000800320427,-0.015652951699463347
2024-12-23,0.048498583569405174,0.06779295581599487,-0.0034387445627520608,0.03906500160102455,0.042495959010643736,0.05306643007652201,0.09000462748727456,0.0,-0.00030027024321888085,0.0263516583371195
2024-12-24,0.010807305738679274,0.0044854690993005875,0.040468752044387823,0.03821263482280424,0.021309211758097746,0.037122847664683434,-0.02292506898747626,0.0,0.0006007208650380402,0.027888446215139417
2024-12-25,-0.01967283224633809,0.008600637509691866,0.007597133386061161,-0.008311071534579884,0.0008851129163467419,0.001878554021121026,-0.02324570932000858,0.0,-0.00020012007204317506,-0.011197243755383446
2024-12-26,-0.061838804667902814,-0.01970246992668523,-0.036996938083092235,-0.06495061358874588,-0.04668633752793938,-0.04606496731363707,-0.06650355871886127,0.0,-0.000300240192153689,-0.061846689895470375
2024-12-27,0.01813531736805407,0.0032238857989284053,-0.015782786384517022,-0.003201024327784907,-0.0007114895047792835,-0.022843178920527007,-0.028591851322373185,0.0,-0.00030033036339971453,-0.005106778087279551
2024-12-28,0.014044302352135274,0.04349840047479114,0.010301147636154973,0.03982016698779689,0.020786079725536144,0.060943786017179535,0.03164091243561451,0.0,-0.0003004205888244016,0.017732151189920886
2024-12-29,-0.03456817925909239,-0.037981356120297405,-0.016557678330336723,-0.031192093885114236,-0.013958785824018771,-0.028388419164744993,-0.028768426058012442,0.0,-0.000100170289492163,-0.04126547455295726
2024-12-30,0.0030324236062513332,0.015299206921413067,-0.009818216990675421,-0.000956327701625681,0.001796784293359277,0.007541796318759397,0.022031823745410017,0.0,0.00020036064916850727,-0.017216642754662836
2024-12-31,-0.019186046511627808,-0.004544744429137548,0.00804965470255059,0.0063816209317166805,-0.007537725871083922,-0.011358877721942995,-0.014371257485029876,0.0,-0.0004006410256409687,0.012165450121654375
2025-01-01,0.09116775340841721,0.007875476166697482,0.010713232549518725,0.028535193405199832,0.00664335139516381,0.026367342616614442,0.03863912515188339,0.0,-0.00010020040080160886,0.11923076923076903
2025-01-02,0.04345936549326379,-0.0011324547371996951,0.026574672079384465,0.043773119605425403,0.029615779177402324,0.07330410110910512,0.017313991576977106,0.0,0.0012025253031364702,0.03135738831615109
2025-01-03,0.13390254060807982,0.012612842424500004,0.01274332060280936,0.12138216184288231,0.0449633463573722,0.04724598673459579,0.14604415823367067,0.0,0.0005004504053649494,0.021657642648896358
2025-01-04,-0.017447199265380964,-0.0016794256364321969,0.0007936960823675676,0.039768238082696916,0.013476244723282349,-0.005690944972233658,0.06160947220549873,0.0,0.00030012004801927006,-0.013860578883000296
2025-01-05,0.01962616822429908,-0.0058177841952533615,0.001357040958342992,-0.03191489361702127,-0.00578703387165147,-0.015185783521809326,-0.00888468809073717,0.0,-0.00010001000100012813,-0.008267879288962443
2025-01-06,0.002749770852429112,0.029202741194055193,0.04001373911163708,0.01517530088958674,0.014727848397239285,0.023434570678665168,-0.028800305168796614,0.0,0.0012002400480095599,0.009170487703209496
2025-01-07,-0.09579524680073137,-0.04370521585444376,-0.0522058579107606,-0.10309278350515472,-0.08360374427664063,-0.07428100384685854,-0.06009426551453256,0.0,-0.001098901098900984,-0.061957868649318404
2025-01-08,-0.04286291953093413,-0.0030372927978911113,-0.019510643786980086,-0.016666666666666607,-0.015941758888662005,-0.02320174136736919,0.02319264521521114,0.0,0.0,0.044914134742404466
2025-01-09,-0.04467680608365021,-0.015031543248020474,-0.026332583771290996,-0.061952074810052604,-0.032312853595627855,-0.06310458343884517,-0.03001837859914236,0.0,0.00010001000100001711,-0.0421407501053519
2025-01-10,0.028524046434494243,0.010796457594724362,0.023362657177693036,0.03987538940809965,0.014712415153538938,0.014216984701875823,0.0781052631578949,0.0,-9.999999999998899e-05,0.02991641003079626
2025-01-11,0.06933247339567883,0.00534056956452722,-0.0014817819689919576,0.02156980227681249,0.004760578127056991,0.0021319688732543973,-0.030072251513376447,0.0,-0.0003000300030002734,0.10038445108927796
2025-01-12,-0.027744270205066424,-0.004895837819988147,-0.0006797085120590074,-0.015249266862170208,-0.004792867676632229,0.002127433251781552,-0.04751358969196695,0.0,0.0,-0.028338509316770177
2025-01-13,-0.023883374689826153,-0.00682441206175155,0.00012687069463668266,0.006551518761167552,-0.039730821160787855,-0.03009234688461937,0.003170577045022327,0.0,0.0002000800320127727,0.007990411506192618
2025-01-14,0.0558203580129224,0.015093626973865737,0.02125750891420708,0.05266272189349097,0.028022037583772752,0.025991792065663377,-0.034134007585335135,0.0,-0.00010002000400077815,0.05747126436781613
2025-01-15,0.079454253611557,0.022854771309176236,0.04127317087977689,0.08291174817313096,0.07045451021136051,0.0981333333333334,0.05475567190226882,0.0,0.00030009002700803755,0.1780359820089954
2025-01-16,0.012081784386617,-0.009346186671890133,-0.00528709142217898,-0.022839345964183688,-0.04172074911922863,0.025206410879067498,-0.017786970010341352,0.0,-9.999999999998899e-05,0.03181673560292708
2025-01-17,0.04132231404958664,0.01957488877904101,0.041325500655484904,0.10358565737051784,0.05071775832043346,0.04017243829646122,0.01895135818066973,0.0,0.00010001000100001711,0.015726179463459777
2025-01-18,-0.02733686067019392,-0.018187862752974793,0.0030773847138150234,-0.04693140794223816,-0.049161647871963865,0.19264926902582324,0.03327133705311014,-9.999999999998899e-05,-0.0010999999999999899,-0.00850030358227083
2025-01-19,-0.10072529465095192,-0.03724710065182424,-0.03082364404922966,-0.09595959595959602,-0.02832569709661603,-0.03696490625119342,-0.09939999999999993,0.00010001000100001711,-0.0004004404845329157,-0.09522351500306181
2025-01-20,0.016231474947071334,-0.001084439754975297,0.009249642534483904,-0.010614525139664766,0.021670476700655916,-0.041516317062532226,-0.019986675549633515,0.0,0.00040060090135196624,0.049746192893400876
2025-01-21,-0.001984126984126977,0.015550730590927708,0.03922583871323315,0.050254093732354566,0.014400682843555668,0.03574383584312435,0.05597099478812595,0.0,0.001101211332465768,0.023533204384268203
2025-01-22,-0.023757455268389682,0.004275973650756937,-0.023423444130743487,-0.025537634408602128,-0.025883208520152357,0.027760025563188906,-0.0412017167381975,0.0,-0.00039999999999995595,0.0009448818897637157
2025-01-23,0.0044801954994400095,-0.007451093210587012,0.0025542813729995117,-0.02841379310344816,0.029982940049544604,-0.016244996307955395,-0.036481647269471895,0.0,0.0004001600640255454,-0.018250471994965323
2025-01-24,-0.015205271160669054,-0.013941624880438264,0.008860440887995313,-0.003975014196479276,-0.008674034803965669,0.0009481294196658219,-0.02392566782810679,0.0,0.0,-0.006089743589743679
2025-01-25,0.005043746783324865,0.008700764256319937,-0.0011599852672430355,0.007696693272519983,0.0026316266534531785,0.011682519635315858,-0.017372679676344704,0.0,-9.999999999998899e-05,0.001934859722670268
2025-01-26,-0.02417042195821395,-0.028062711271710117,-0.02058775086971032,-0.04978783592644975,-0.0261146016965752,-0.06195139078531575,-0.06272705255509792,0.0,-0.00020002000200014525,-0.027357579658835007
2025-01-27,-0.019416456759026035,0.018723952867808036,-0.004983674204326327,-0.005954153021732633,-0.015514621927786076,-0.023081721771678,0.024031007751937894,0.0,0.00020006001800543238,0.010919920582395992
2025-01-28,-0.019158728459809482,-0.027474063718637254,-0.007654381902170493,-0.04612159329140453,-0.033259472286392366,-0.03388676032354199,-0.07872823618470859,0.0,-0.0004000400040004015,0.0003273322422259195
2025-01-29,0.025643823657791387,0.010622200702094187,0.024273217799333002,0.017268445839874413,0.012442170080921189,0.00524367674275128,0.013147082990961456,0.0,0.0005002501250623848,0.003926701570680535
2025-01-30,0.02095967656133646,0.01446324300044921,0.009606530447316075,0.02314814814814814,0.04280530490350354,0.044842852759391594,0.1140848878075158,0.0,0.0,0.019556714471968828
2025-01-31,-0.01802834514380991,-0.00029517681090962533,-0.02221863024465054,-0.007843137254901933,0.016209890989714815,-0.027898976338311843,-0.008250424654210331,0.0,-0.00019999999999997797,-0.02973145780051145
2025-02-01,-0.05062082139446045,-0.03608125664343931,-0.017503152205870398,-0.06415323806628159,-0.05558417473727584,-0.08096327305683837,-0.08637142158062139,0.0,0.0,-0.05172981878088967
2025-02-02,-0.10093896713615014,-0.05434050113336997,-0.029366068550873647,-0.1293047433398311,-0.07939716550996123,-0.04470532988964537,-0.114354579539368,0.0,-0.00010002000400077815,-0.10354412786657397
2025-02-03,0.010692527663807017,0.000809795283752246,0.03876739542268237,0.06417910447761188,0.004851594194816622,0.0641498304084942,0.10492893861505892,0.0,0.0013003901170349774,0.04806201550387601
2025-02-04,-0.08475827285028903,-0.07308152895103093,-0.036040944973784406,-0.0757363253856943,-0.05237107537772101,-0.04517738359201773,-0.015873015873015817,0.0,-0.0009990009990008542,-0.0650887573964497
2025-02-05,-0.015591397849462285,-0.0056217046684591265,-0.011873525485178726,-0.02845220030349016,0.02065451723771905,-0.051233671988388796,-0.07369299221357062,0.0,0.0,-0.05814873417721533
2025-02-06,-0.037001638448935004,0.004371795772174947,-0.0007185898171560012,-0.03201874267864113,-0.036420753661440486,-0.03334863087042994,-0.05824076853797655,0.0,0.0,-0.023099538009239695
2025-02-07,0.003261023677867625,0.01029630277073701,-0.0003266218447052216,-0.005244050020169366,-0.023926668056093114,0.013293242601677635,-0.03889065986611406,0.0,0.0,0.03095442820292349
2025-02-08,-0.009609949123798756,0.06004083468872179,-0.0005919235890251562,0.025952960259529645,0.0038472243934617456,0.038523608725076874,0.015920398009950265,0.0,0.0,0.00917431192660545
2025-02-09,-0.02696917808219179,0.00558239749281797,0.00010375681558416616,-0.015810276679841917,-0.001868761299928634,0.005163166073487435,-0.022200457068233814,0.0,0.0,-0.01074380165289246
2025-02-10,0.044288018771080795,0.004236600331136708,0.010084302735330342,0.025702811244979973,0.012976436921578127,4.987033712344768e-05,0.07378964941569288,0.0,0.0,0.012531328320801949
2025-02-11,0.0928240415671957,0.03790389060403787,-0.01721284906748588,-0.009005481597494258,-0.022434765622065256,-0.012865905350820439,0.03420398009950243,0.0,0.0,-0.004537953795379579
2025-02-12,0.02788486250321265,0.08542017068460717,0.021857768316384085,0.043856183326748344,0.052397568230203584,-0.0058600656731497835,0.07726999398677092,0.0,0.0,0.02527973476999601
2025-02-13,0.013501687710963717,-0.045970414795471926,-0.012687968820514373,-0.006434519303557873,-0.022756402063850878,-0.01265308196554693,-0.03209600893106346,0.0,0.0,0.03476151980598208
2025-02-14,-0.013198470457629119,-0.007654941121621683,0.009064522411546205,0.035428571428571365,0.018596917328351337,0.026556870818322142,0.02450980392156854,-9.999999999998899e-05,0.0,0.06992187499999991
2025-02-15,-0.023625000000000007,0.00386457322987388,0.0008973557336571236,-0.0003679175864605977,-0.011907469497655976,-0.02476687055048632,-0.03771460737405008,0.0,0.0,0.008397225264695107
2025-02-16,-0.012418384329791365,0.01634988450912611,-0.014995664278356746,-0.022451232977548696,-0.011869050624452315,-0.031873329220645785,-0.04357999415033631,0.00010001000100001711,0.0,-0.011947863866763164
2025-02-17,0.0487425460202231,-0.008407355693532681,-0.0035615356233140716,-0.027861445783132543,0.03101153821587843,-0.057349192863211496,-0.016207951070336346,0.0,0.0,-0.02528398680835464
2025-02-18,-0.06847960444993817,-0.029450536281382944,-0.0016665568782479045,-0.0271107668474051,-0.02685732818780462,-0.04669896349707081,-0.047870686975442944,0.0,-0.00039999999999995595,-0.03721804511278204
2025-02-19,0.026804670912951245,0.008921129803981964,0.010564811477322245,0.014331210191083077,0.01686619757866703,-0.0019500088636765778,0.05060398302317992,0.0,0.0004001600640255454,0.06911362748926209
2025-02-20,0.03876970793486678,0.004543507526618473,0.017639202578533242,0.0,0.008657801411910304,0.042451154529307145,0.07271597265382224,-0.00019999999999997797,0.0,-0.01789627465303134
2025-02-21,-0.052376212988305415,-0.014269397700449216,-0.022323201654246838,-0.060047095761381564,-0.02825139285427425,-0.04112000908729474,-0.053592120509849406,0.0002000400080015563,0.0,-0.043882484194867954
2025-02-22,0.01575423395037423,0.032984179953034376,0.00447414240230426,0.029645093945720458,0.03830027051397655,0.019309364449446198,0.04744413835322936,-9.999999999998899e-05,0.0,0.001166861143523823
2025-02-23,-0.005299211580716223,-0.015703752449037545,-0.00317186312842177,-0.015004055150040552,0.020401369258270297,-0.023999070253936883,-0.012857977790765696,0.00010001000100001711,0.0,0.0007770007770009357
2025-02-24,-0.11460498960498955,-0.06687128682783039,-0.04920481225899542,-0.13379991766158916,-0.10860946409827232,-0.15557275541795668,-0.16252220248667848,0.0,-9.999999999998899e-05,-0.11607142857142849
2025-02-25,0.0016143234517169702,0.014052628150849955,-0.03198390770417692,0.004277566539923949,-0.008422015793766113,0.016498625114573562,0.0441852244609402,0.0,-0.0007000700070007859,0.018884497145366552
2025-02-26,-0.05304029304029301,-0.019092733841830523,-0.05056898116517383,-0.038334122101277734,-0.06393632045191944,-0.06284247763057482,-0.026066350710900577,0.0,-0.0005004003202561114,-0.053448275862068795
2025-02-27,-0.002011449791118669,-0.009789477130602742,0.006287533410247459,0.017224409448818978,-0.011833939103003566,0.018133372807342063,-0.031630170316301665,0.0,0.0007009111845397431,0.0004553734061929493
2025-02-28,-0.019069767441860397,-0.02822047348234369,-0.0039544119860130955,-0.02418964683115632,-0.029919627327576137,0.0766938063390521,0.015793251974156597,0.0,0.0003001801080648736,-0.023668639053254448
2025-03-01,0.04156788367314679,0.03366734148789585,0.02049285262534095,0.024789291026276583,-0.008857471171860198,-0.030382823577071116,-0.004240282685512353,0.0,0.00020006001800543238,0.02144522144522143
2025-03-02,0.7238239757207889,0.02700789993416719,0.09558541034819279,0.158200290275762,0.13614258905048926,0.24469048116426428,0.1334279630943931,0.0,0.00010001000100001711,0.3418530351437701
2025-03-03,-0.24551056338028165,-0.07753080880114105,-0.08609646848776398,-0.16875522138680032,-0.1473132923831949,-0.20537062937062944,-0.18065122103944897,0.0,-0.0007000000000000339,-0.18843537414965983
2025-03-04,0.09765488274413725,0.014245261713253354,0.01272613001899403,0.0005025125628139726,0.011003492433061757,0.01936074345254868,-0.03477264042797101,-9.999999999998899e-05,0.000500350245171699,0.02849958088851645
2025-03-05,0.03550170068027203,0.024784611958960534,0.03845468854542222,0.028628829733802208,0.032503811379327674,0.010567028109676135,0.042359461599366766,0.00010001000100001711,0.0002000400080015563,0.018744906275468542
2025-03-06,-0.0694929172654486,-0.00312552231322083,-0.007492373977494915,-0.01611328125,-0.01744211981977961,-0.020639693821760452,0.03911887580706419,0.0,0.0,0.040000000000000036
2025-03-07,-0.09751792608935461,-0.003336518954445422,-0.03519662820460501,-0.015880893300248222,-0.027998728775084025,-0.02763433356594558,-0.05665204678362579,-9.999999999998899e-05,-0.00039999999999995595,-0.08307692307692316
2025-03-08,-0.016134946828016306,-0.0021869322387457757,-0.006242147757069216,-0.030761472516389277,0.029104174354135814,-0.017152289364145368,-0.03874467260751646,0.00010001000100001711,0.0004001600640255454,-0.02474832214765088
2025-03-09,-0.10423655112436325,-0.06507738476582259,-0.0638556103218324,-0.12591050988553587,-0.08316388591347279,-0.07652427893391744,-0.07779121322047566,0.0,-9.999999999998899e-05,-0.08043010752688184
2025-03-10,-0.0700416088765603,-0.0423053341508276,-0.026727643598382422,-0.08392857142857146,-0.07704417304864819,-0.06507472127777336,-0.08741258741258728,0.0,-0.0003000300030002734,-0.0551917680074836
2025-03-11,0.07949291573452655,0.038600587482111814,0.05547047018633289,0.06887589343729683,0.03143136055954243,0.06004736129905286,0.06657088122605348,0.0,0.0002000800320127727,0.07425742574257432
2025-03-12,0.01644100580270802,0.03295986076362434,0.008992700990491098,0.04802431610942248,-0.007841995236559929,0.010212222754108824,0.02649303996407726,-9.999999999998899e-05,0.00010002000400088917,0.03179723502304155
2025-03-13,-0.044991164876987955,0.01721777590564466,-0.030881559512121903,-0.04234338747099764,-0.023077729440746486,-0.026062233454430705,-0.05424321959755041,-0.00010001000100012813,-0.0003000300030002734,0.005806163465832848
2025-03-14,0.04924565898092803,0.014338216263781733,0.035939672006278345,0.04118715929739558,0.025570452874932315,0.0830360038923128,0.07539315448658668,0.0002000400080015563,0.0004001600640255454,0.04618117229129659
2025-03-15,0.012886597938144506,0.054381846635367825,0.0042913028524038666,0.023851076207097144,0.013565049986136835,0.017520215633423097,0.0120430107526881,0.0,0.0,0.014855687606112111
2025-03-16,-0.05611356635864473,-0.028474630959102964,-0.02114315154170565,-0.04431818181818181,-0.026075377040042147,-0.07211184694628414,-0.05184870378240558,-9.999999999998899e-05,0.0,-0.040568799665411936
2025-03-17,0.027525539160045298,0.04450348721355013,0.011776457427587594,0.022592152199762072,0.012300338113559572,0.018239492466296747,0.031376064545047155,0.0,-9.999999999998899e-05,0.020924149956408122
